{"cameraMode":{"drawMode":0,"name":"Shaded","section":"Shading Mode"},"sceneLighting":true,"audioPlay":false,"sceneViewState":{"m_AlwaysRefresh":false,"showFog":true,"showSkybox":true,"showFlares":true,"showImageEffects":true,"showParticleSystems":true,"showVisualEffectGraphs":true,"m_FxEnabled":true},"in2DMode":false,"pivot":{"x":15.194777488708496,"y":-5.500596046447754,"z":-15.092489242553711},"rotation":{"x":0.682704508304596,"y":-0.11855774372816086,"z":0.11367984861135483,"w":0.7119980454444885},"size":12.030132293701172,"orthographic":true}