{"cameraMode":{"drawMode":0,"name":"Shaded","section":"Shading Mode"},"sceneLighting":true,"audioPlay":false,"sceneViewState":{"m_AlwaysRefresh":false,"showFog":true,"showSkybox":true,"showFlares":true,"showImageEffects":true,"showParticleSystems":true,"showVisualEffectGraphs":true,"m_FxEnabled":true},"in2DMode":false,"pivot":{"x":334.5999755859375,"y":222.6999969482422,"z":-11.256073951721192},"rotation":{"x":0.008183137513697148,"y":0.8732097148895264,"z":-0.4870741665363312,"w":0.014672624878585339},"size":406.0122375488281,"orthographic":true}